{"TauES_DM1": {"Down": {"0": 1.2528251596372506}, "Up": {"0": 0.9956313684282996}}, "TauES_DM0": {"Down": {"0": 0.9940850563682664}, "Up": {"0": 0.9953560074654383}}, "None": {"Central": {"0": 0.990484740669152}}, "btag_lfstats1": {"Down": {"0": 0.9948750505184643}, "Up": {"0": 0.9948822446213453}}, "btag_lfstats2": {"Down": {"0": 0.9893603814535067}, "Up": {"0": 0.9948915981542639}}, "btag_hf": {"Down": {"0": 0.9921608615853114}, "Up": {"0": 0.9958547997372317}}, "btag_cferr1": {"Down": {"0": 0.9948833667048051}, "Up": {"0": 1.000080103509065}}, "0": {}, "btag_lf": {"Down": {"0": 0.9938083741128896}, "Up": {"0": 0.9988094832351342}}, "btag_hfstats1": {"Down": {"0": 0.9943188088917434}, "Up": {"0": 0.9973627467827338}}, "btag_cferr2": {"Down": {"0": 0.994882379062998}, "Up": {"0": 0.9948598268396235}}, "TauES_DM10": {"Up": {"0": 1.2610927863741392}}, "btag_hfstats2": {"Down": {"0": 0.9948782824764794}, "Up": {"0": 0.9954031544290387}}, "TauES": {"Down": {"0": 0.9943770422412571}, "Up": {"0": 0.9948815452070394}}}