{
  "TauES_DM11": {
    "Down": {
      "0": 0.9896994266064992
    }, 
    "Up": {
      "0": 0.989699649014584
    }
  }, 
  "TauES_DM10": {
    "Down": {
      "0": 0.9897008335391058
    }, 
    "Up": {
      "0": 0.9896963503587662
    }
  }, 
  "JetReduced_Absolute": {
    "Down": {
      "0": 0.9939541987878355
    }, 
    "Up": {
      "0": 0.9847401885528652
    }
  }, 
  "JetReduced_BBEC1": {
    "Down": {
      "0": 0.9917874346082661
    }, 
    "Up": {
      "0": 0.9873922740633604
    }
  }, 
  "JetReduced_Total": {
    "Down": {
      "0": 1.209383725859217
    }, 
    "Up": {
      "0": 1.209034421267706
    }
  }, 
  "EleFakingTauES_DM0": {
    "Down": {
      "0": 0.9896986622776697
    }, 
    "Up": {
      "0": 0.9896984257503075
    }
  }, 
  "EleFakingTauES_DM1": {
    "Down": {
      "0": 0.9897037193464031
    }, 
    "Up": {
      "0": 0.9896953713143027
    }
  }, 
  "MuFakingTauES": {
    "Down": {
      "0": 0.9896983600080966
    }, 
    "Up": {
      "0": 0.9896983592847766
    }
  }, 
  "btag_cferr2": {
    "Down": {
      "0": 137.89137603319816
    }, 
    "Up": {
      "0": 145.03665342875502
    }
  }, 
  "TauES_DM1": {
    "Down": {
      "0": 0.9896868061162978
    }, 
    "Up": {
      "0": 0.9897033315006627
    }
  }, 
  "TauES_DM0": {
    "Down": {
      "0": 0.989693880598807
    }, 
    "Up": {
      "0": 0.9897026387325798
    }
  }, 
  "btag_cferr1": {
    "Down": {
      "0": 136.97367866962463
    }, 
    "Up": {
      "0": 144.7788303609883
    }
  }, 
  "JetReduced_EC2": {
    "Down": {
      "0": 0.9896714280392399
    }, 
    "Up": {
      "0": 0.9896779014120336
    }
  }, 
  "JetReduced_FlavorQCD": {
    "Down": {
      "0": 0.9949400876804951
    }, 
    "Up": {
      "0": 0.9842463034818179
    }
  }, 
  "JetReduced_RelativeBal": {
    "Down": {
      "0": 0.9922953013149134
    }, 
    "Up": {
      "0": 0.9863117728716493
    }
  }, 
  "TauES": {
    "Down": {
      "0": 0.9896858626677509
    }, 
    "Up": {
      "0": 0.9897068864654863
    }
  }, 
  "None": {
    "Central": {
      "0": 0.9896983597319583
    }
  }, 
  "btag_lfstats1": {
    "Down": {
      "0": 1.2104496043614137
    }, 
    "Up": {
      "0": 1.2101769507711901
    }
  }, 
  "JetReduced_EC2_year": {
    "Down": {
      "0": 0.9896473157777522
    }, 
    "Up": {
      "0": 0.9896001422238194
    }
  }, 
  "btag_lfstats2": {
    "Down": {
      "0": 1.2096762979509648
    }, 
    "Up": {
      "0": 1.2109069363763987
    }
  }, 
  "JetReduced_Absolute_year": {
    "Down": {
      "0": 0.9923574978319072
    }, 
    "Up": {
      "0": 0.9870272340379318
    }
  }, 
  "JetReduced_RelativeSample_year": {
    "Down": {
      "0": 0.9945225310141226
    }, 
    "Up": {
      "0": 0.9838398229626465
    }
  }, 
  "btag_hfstats1": {
    "Down": {
      "0": 1.2102709608661013
    }, 
    "Up": {
      "0": 1.210332865311609
    }
  }, 
  "btag_hfstats2": {
    "Down": {
      "0": 1.2102120303999584
    }, 
    "Up": {
      "0": 1.210389084297405
    }
  }, 
  "JetReduced_HF_year": {
    "Down": {
      "0": 0.989698522924633
    }, 
    "Up": {
      "0": 0.9897173688426121
    }
  }, 
  "btag_hf": {
    "Down": {
      "0": 1.2060484665873847
    }, 
    "Up": {
      "0": 1.2144139169652661
    }
  }, 
  "JetReduced_HF": {
    "Down": {
      "0": 0.9896907965830568
    }, 
    "Up": {
      "0": 0.9897436215194656
    }
  }, 
  "btag_lf": {
    "Down": {
      "0": 1.2099418198206053
    }, 
    "Up": {
      "0": 1.210716307353118
    }
  }, 
  "JetReduced_BBEC1_year": {
    "Down": {
      "0": 0.9902520808005207
    }, 
    "Up": {
      "0": 0.9889452288173761
    }
  }
}