{
  "TauES_DM11": {
    "Down": {
      "1": 1.0076079913223899, 
      "0": 1.0086298179081656
    }, 
    "Up": {
      "1": 1.0075715235368832, 
      "0": 1.0086094070620883
    }
  }, 
  "TauES_DM10": {
    "Down": {
      "1": 1.0075756103466997, 
      "0": 1.0086413934219522
    }, 
    "Up": {
      "1": 1.0075085386182276, 
      "0": 1.0086466245094128
    }
  }, 
  "JetReduced_Absolute": {
    "Down": {
      "1": 1.0084965178753458, 
      "0": 1.0094318868871246
    }, 
    "Up": {
      "1": 1.0065903174761255, 
      "0": 1.0080188914736103
    }
  }, 
  "JetReduced_BBEC1": {
    "Down": {
      "1": 1.0078784709494928, 
      "0": 1.008800677143785
    }, 
    "Up": {
      "1": 1.0072999831456941, 
      "0": 1.0084853029738488
    }
  }, 
  "JetReduced_Total": {
    "Down": {
      "1": 1.344836755813008, 
      "0": 1.1752266557874582
    }, 
    "Up": {
      "1": 1.3386387144590992, 
      "0": 1.169323737576127
    }
  }, 
  "EleFakingTauES_DM0": {
    "Down": {
      "1": 1.007574050439438, 
      "0": 1.0086352855204914
    }, 
    "Up": {
      "1": 1.0075727435884336, 
      "0": 1.0086571051786324
    }
  }, 
  "EleFakingTauES_DM1": {
    "Down": {
      "1": 1.007580977165834, 
      "0": 1.0086474015089641
    }, 
    "Up": {
      "1": 1.007587580760539, 
      "0": 1.0086296742631748
    }
  }, 
  "MuFakingTauES": {
    "Down": {
      "1": 1.0075723810040524, 
      "0": 1.0086370597638106
    }, 
    "Up": {
      "1": 1.0075728767199403, 
      "0": 1.008635614263359
    }
  }, 
  "btag_cferr2": {
    "Down": {
      "1": 2999.603886475328, 
      "0": 255.13168078477963
    }, 
    "Up": {
      "1": 2597.674122794471, 
      "0": 249.81148909399943
    }
  }, 
  "TauES_DM1": {
    "Down": {
      "1": 1.0076196662208468, 
      "0": 1.0085896778335914
    }, 
    "Up": {
      "1": 1.0075994922023142, 
      "0": 1.008692465333931
    }
  }, 
  "TauES_DM0": {
    "Down": {
      "1": 1.0075813782665906, 
      "0": 1.008662601001861
    }, 
    "Up": {
      "1": 1.0076046609320048, 
      "0": 1.0086561700106318
    }
  }, 
  "btag_cferr1": {
    "Down": {
      "1": 3054.1616954814986, 
      "0": 254.71971687173138
    }, 
    "Up": {
      "1": 2598.5108575790614, 
      "0": 250.25876165849985
    }
  }, 
  "JetReduced_EC2": {
    "Down": {
      "1": 1.0075708943086499, 
      "0": 1.008639185622573
    }, 
    "Up": {
      "1": 1.0075825946321486, 
      "0": 1.0086307143472377
    }
  }, 
  "JetReduced_FlavorQCD": {
    "Down": {
      "1": 1.0092161824879737, 
      "0": 1.009979402171515
    }, 
    "Up": {
      "1": 1.00587408466867, 
      "0": 1.0075086805266782
    }
  }, 
  "JetReduced_RelativeBal": {
    "Down": {
      "1": 1.0077983549827392, 
      "0": 1.008778474260954
    }, 
    "Up": {
      "1": 1.0072607325896734, 
      "0": 1.0084767318755758
    }
  }, 
  "TauES": {
    "Down": {
      "1": 1.007663684755915, 
      "0": 1.0086121869173101
    }, 
    "Up": {
      "1": 1.0075636061762818, 
      "0": 1.008694730594929
    }
  }, 
  "None": {
    "Central": {
      "1": 1.007573808903134, 
      "0": 1.008637075857719
    }
  }, 
  "btag_lfstats1": {
    "Down": {
      "1": 1.3427046797716575, 
      "0": 1.1734134660292541
    }, 
    "Up": {
      "1": 1.3430057242831728, 
      "0": 1.1723632448995263
    }
  }, 
  "JetReduced_EC2_year": {
    "Down": {
      "1": 1.007571458232193, 
      "0": 1.008635915692303
    }, 
    "Up": {
      "1": 1.007580170650857, 
      "0": 1.0086319856586214
    }
  }, 
  "btag_lfstats2": {
    "Down": {
      "1": 1.342912979085795, 
      "0": 1.1731779691772752
    }, 
    "Up": {
      "1": 1.34285487499198, 
      "0": 1.1725995072457123
    }
  }, 
  "JetReduced_Absolute_year": {
    "Down": {
      "1": 1.0080484245266292, 
      "0": 1.0089909818924017
    }, 
    "Up": {
      "1": 1.0070928509702586, 
      "0": 1.0083202460692553
    }
  }, 
  "JetReduced_RelativeSample_year": {
    "Down": {
      "1": 1.0084547722393769, 
      "0": 1.0093034607747335
    }, 
    "Up": {
      "1": 1.006780568508599, 
      "0": 1.0080378517786708
    }
  }, 
  "btag_hfstats1": {
    "Down": {
      "1": 1.341255252200639, 
      "0": 1.1723398480893505
    }, 
    "Up": {
      "1": 1.344350042094695, 
      "0": 1.1734390700178154
    }
  }, 
  "btag_hfstats2": {
    "Down": {
      "1": 1.3422091604845257, 
      "0": 1.172424178181982
    }, 
    "Up": {
      "1": 1.343402936950781, 
      "0": 1.1733463279657392
    }
  }, 
  "JetReduced_HF_year": {
    "Down": {
      "1": 1.0075698634686343, 
      "0": 1.0086391194518372
    }, 
    "Up": {
      "1": 1.0075718910851559, 
      "0": 1.0086358675330163
    }
  }, 
  "btag_hf": {
    "Down": {
      "1": 1.3423142483622714, 
      "0": 1.1673934355764475
    }, 
    "Up": {
      "1": 1.3436291822646362, 
      "0": 1.1780492651084535
    }
  }, 
  "JetReduced_HF": {
    "Down": {
      "1": 1.00756722283152, 
      "0": 1.0086366317536746
    }, 
    "Up": {
      "1": 1.007573696538426, 
      "0": 1.0086370615202225
    }
  }, 
  "btag_lf": {
    "Down": {
      "1": 1.3494240996117606, 
      "0": 1.173995450475447
    }, 
    "Up": {
      "1": 1.3347148447382065, 
      "0": 1.1717753686194874
    }
  }, 
  "JetReduced_BBEC1_year": {
    "Down": {
      "1": 1.0076835058007174, 
      "0": 1.0086980266089043
    }, 
    "Up": {
      "1": 1.0074439980181673, 
      "0": 1.0086527668848229
    }
  }
}