{
  "JetReduced_RelativeSample_year": {
    "Down": {
      "0": 0.9935891467362713
    }, 
    "Up": {
      "0": 0.9921827956531433
    }
  }, 
  "JetReduced_RelativeBal": {
    "Down": {
      "0": 0.9933957192973492
    }, 
    "Up": {
      "0": 0.9924217486125267
    }
  }, 
  "None": {
    "Central": {
      "0": 0.9929277788139257
    }
  }, 
  "btag_lfstats1": {
    "Down": {
      "0": 1.210044875170072
    }, 
    "Up": {
      "0": 1.2101824283541964
    }
  }, 
  "JetReduced_EC2_year": {
    "Down": {
      "0": 0.9929447692665736
    }, 
    "Up": {
      "0": 0.9929158709580124
    }
  }, 
  "btag_lfstats2": {
    "Down": {
      "0": 1.2094071116425342
    }, 
    "Up": {
      "0": 1.2107801075775784
    }
  }, 
  "btag_hf": {
    "Down": {
      "0": 1.2052460567075602
    }, 
    "Up": {
      "0": 1.214845343753111
    }
  }, 
  "JetReduced_Absolute_year": {
    "Down": {
      "0": 0.9939349158668699
    }, 
    "Up": {
      "0": 0.9918432654344191
    }
  }, 
  "btag_cferr1": {
    "Down": {
      "0": 146.12120912349977
    }, 
    "Up": {
      "0": 149.78772766715423
    }
  }, 
  "JetReduced_Total": {
    "Down": {
      "0": 1.2128310505727429
    }, 
    "Up": {
      "0": 1.2062964906951257
    }
  }, 
  "JetReduced_EC2": {
    "Down": {
      "0": 0.9929427436440661
    }, 
    "Up": {
      "0": 0.9929222308814737
    }
  }, 
  "JetReduced_FlavorQCD": {
    "Down": {
      "0": 0.9983374298018098
    }, 
    "Up": {
      "0": 0.9872485561532318
    }
  }, 
  "JetReduced_HF": {
    "Down": {
      "0": 0.9929118272572364
    }, 
    "Up": {
      "0": 0.9929416857453518
    }
  }, 
  "btag_lf": {
    "Down": {
      "0": 1.2092407451308043
    }, 
    "Up": {
      "0": 1.2109733449217235
    }
  }, 
  "JetReduced_BBEC1": {
    "Down": {
      "0": 0.9953280752617651
    }, 
    "Up": {
      "0": 0.9901859537219386
    }
  }, 
  "btag_hfstats1": {
    "Down": {
      "0": 1.2101277728901736
    }, 
    "Up": {
      "0": 1.210080717247526
    }
  }, 
  "btag_cferr2": {
    "Down": {
      "0": 146.4008550213586
    }, 
    "Up": {
      "0": 150.00635712892037
    }
  }, 
  "JetReduced_BBEC1_year": {
    "Down": {
      "0": 0.9933899626066809
    }, 
    "Up": {
      "0": 0.9924201718886723
    }
  }, 
  "btag_hfstats2": {
    "Down": {
      "0": 1.2100487975565326
    }, 
    "Up": {
      "0": 1.210147250142804
    }
  }, 
  "JetReduced_HF_year": {
    "Down": {
      "0": 0.9929255784367901
    }, 
    "Up": {
      "0": 0.9929376576689772
    }
  }, 
  "JetReduced_Absolute": {
    "Down": {
      "0": 0.9971274063441918
    }, 
    "Up": {
      "0": 0.9882683060252625
    }
  }
}