{
  "TauES_DM11": {
    "Down": {
      "0": 0.9518008701512037
    }, 
    "Up": {
      "0": 0.9518602647258215
    }
  }, 
  "TauES_DM10": {
    "Down": {
      "0": 0.9517873583158089
    }, 
    "Up": {
      "0": 0.9518725722360283
    }
  }, 
  "JetReduced_Absolute": {
    "Down": {
      "0": 0.9543037682967609
    }, 
    "Up": {
      "0": 0.9491005607935759
    }
  }, 
  "JetReduced_BBEC1": {
    "Down": {
      "0": 0.9534424394821628
    }, 
    "Up": {
      "0": 0.9502044670471604
    }
  }, 
  "JetReduced_Total": {
    "Down": {
      "0": 1.1171717580124176
    }, 
    "Up": {
      "0": 1.1160405266270956
    }
  }, 
  "EleFakingTauES_DM0": {
    "Down": {
      "0": 0.951839684065124
    }, 
    "Up": {
      "0": 0.9518489097318927
    }
  }, 
  "EleFakingTauES_DM1": {
    "Down": {
      "0": 0.9518299197236926
    }, 
    "Up": {
      "0": 0.9518511367098443
    }
  }, 
  "MuFakingTauES": {
    "Down": {
      "0": 0.9518373910841809
    }, 
    "Up": {
      "0": 0.9518367377846212
    }
  }, 
  "btag_cferr2": {
    "Down": {
      "0": 514.0348341662932
    }, 
    "Up": {
      "0": 502.7398368483353
    }
  }, 
  "TauES_DM1": {
    "Down": {
      "0": 0.9517053465185898
    }, 
    "Up": {
      "0": 0.9519967239476038
    }
  }, 
  "TauES_DM0": {
    "Down": {
      "0": 0.9517583439670656
    }, 
    "Up": {
      "0": 0.9519108504581906
    }
  }, 
  "btag_cferr1": {
    "Down": {
      "0": 513.31792702156
    }, 
    "Up": {
      "0": 503.6295865172773
    }
  }, 
  "JetReduced_EC2": {
    "Down": {
      "0": 0.9518504004420645
    }, 
    "Up": {
      "0": 0.9518311971574347
    }
  }, 
  "JetReduced_FlavorQCD": {
    "Down": {
      "0": 0.9553713434789306
    }, 
    "Up": {
      "0": 0.9481325282760281
    }
  }, 
  "JetReduced_RelativeBal": {
    "Down": {
      "0": 0.9521829186344706
    }, 
    "Up": {
      "0": 0.9515353377136038
    }
  }, 
  "TauES": {
    "Down": {
      "0": 0.9515407706207991
    }, 
    "Up": {
      "0": 0.9521281750716747
    }
  }, 
  "None": {
    "Central": {
      "0": 0.9518376064223972
    }
  }, 
  "btag_lfstats1": {
    "Down": {
      "0": 1.1187113140709417
    }, 
    "Up": {
      "0": 1.1174796703611798
    }
  }, 
  "JetReduced_EC2_year": {
    "Down": {
      "0": 0.9518556045756139
    }, 
    "Up": {
      "0": 0.9518252800041513
    }
  }, 
  "btag_lfstats2": {
    "Down": {
      "0": 1.1179918017889716
    }, 
    "Up": {
      "0": 1.1181481191739833
    }
  }, 
  "JetReduced_Absolute_year": {
    "Down": {
      "0": 0.952571434409195
    }, 
    "Up": {
      "0": 0.9511164855322974
    }
  }, 
  "JetReduced_RelativeSample_year": {
    "Down": {
      "0": 0.9523708443596899
    }, 
    "Up": {
      "0": 0.9513394773456632
    }
  }, 
  "btag_hfstats1": {
    "Down": {
      "0": 1.1177348351118366
    }, 
    "Up": {
      "0": 1.1184067956006425
    }
  }, 
  "btag_hfstats2": {
    "Down": {
      "0": 1.1174405205386335
    }, 
    "Up": {
      "0": 1.118687339838329
    }
  }, 
  "JetReduced_HF_year": {
    "Down": {
      "0": 0.9518368383923951
    }, 
    "Up": {
      "0": 0.9518358116243173
    }
  }, 
  "btag_hf": {
    "Down": {
      "0": 1.1119575951595642
    }, 
    "Up": {
      "0": 1.1242362807684958
    }
  }, 
  "JetReduced_HF": {
    "Down": {
      "0": 0.9518183667521063
    }, 
    "Up": {
      "0": 0.9518711801112258
    }
  }, 
  "btag_lf": {
    "Down": {
      "0": 1.1205109406991858
    }, 
    "Up": {
      "0": 1.115683326652622
    }
  }, 
  "JetReduced_BBEC1_year": {
    "Down": {
      "0": 0.9522003362060869
    }, 
    "Up": {
      "0": 0.9514701471142757
    }
  }
}