{
  "TauES_DM11": {
    "Down": {
      "0": 0.986448347750304
    }, 
    "Up": {
      "0": 0.9864437134567802
    }
  }, 
  "TauES_DM10": {
    "Down": {
      "0": 0.9864493420293551
    }, 
    "Up": {
      "0": 0.9864518534710841
    }
  }, 
  "JetReduced_Absolute": {
    "Down": {
      "0": 0.9903626490262831
    }, 
    "Up": {
      "0": 0.982034167272896
    }
  }, 
  "JetReduced_BBEC1": {
    "Down": {
      "0": 0.988865101246506
    }, 
    "Up": {
      "0": 0.9837814986613598
    }
  }, 
  "JetReduced_Total": {
    "Down": {
      "0": 1.2091791964486105
    }, 
    "Up": {
      "0": 1.2040972654591047
    }
  }, 
  "EleFakingTauES_DM0": {
    "Down": {
      "0": 0.9864510791645655
    }, 
    "Up": {
      "0": 0.9864495656482372
    }
  }, 
  "EleFakingTauES_DM1": {
    "Down": {
      "0": 0.9864483557479459
    }, 
    "Up": {
      "0": 0.9864524793874936
    }
  }, 
  "MuFakingTauES": {
    "Down": {
      "0": 0.9864503994300713
    }, 
    "Up": {
      "0": 0.9864504000313215
    }
  }, 
  "btag_cferr2": {
    "Down": {
      "0": 153.73891105381537
    }, 
    "Up": {
      "0": 160.76145860386148
    }
  }, 
  "TauES_DM1": {
    "Down": {
      "0": 0.986449804931505
    }, 
    "Up": {
      "0": 0.9864549009573264
    }
  }, 
  "TauES_DM0": {
    "Down": {
      "0": 0.9864468190702979
    }, 
    "Up": {
      "0": 0.9864491954249368
    }
  }, 
  "btag_cferr1": {
    "Down": {
      "0": 153.3464773993174
    }, 
    "Up": {
      "0": 160.31408109176087
    }
  }, 
  "JetReduced_EC2": {
    "Down": {
      "0": 0.9864477004009263
    }, 
    "Up": {
      "0": 0.9864465242140666
    }
  }, 
  "JetReduced_FlavorQCD": {
    "Down": {
      "0": 0.9915555739011491
    }, 
    "Up": {
      "0": 0.9810093557825392
    }
  }, 
  "JetReduced_RelativeBal": {
    "Down": {
      "0": 0.9869268034624306
    }, 
    "Up": {
      "0": 0.9859319374241917
    }
  }, 
  "TauES": {
    "Down": {
      "0": 0.9864431098871463
    }, 
    "Up": {
      "0": 0.9864484643688158
    }
  }, 
  "None": {
    "Central": {
      "0": 0.9864504000641641
    }
  }, 
  "btag_lfstats1": {
    "Down": {
      "0": 1.2090289529659755
    }, 
    "Up": {
      "0": 1.208933151520416
    }
  }, 
  "JetReduced_EC2_year": {
    "Down": {
      "0": 0.9864601544070077
    }, 
    "Up": {
      "0": 0.986443092177194
    }
  }, 
  "btag_lfstats2": {
    "Down": {
      "0": 1.2083214118965153
    }, 
    "Up": {
      "0": 1.209592927281678
    }
  }, 
  "JetReduced_Absolute_year": {
    "Down": {
      "0": 0.9873791849026949
    }, 
    "Up": {
      "0": 0.9853846759393945
    }
  }, 
  "JetReduced_RelativeSample_year": {
    "Down": {
      "0": 0.9871622258103374
    }, 
    "Up": {
      "0": 0.9856843978108757
    }
  }, 
  "btag_hfstats1": {
    "Down": {
      "0": 1.2089899122259322
    }, 
    "Up": {
      "0": 1.2089490475033648
    }
  }, 
  "btag_hfstats2": {
    "Down": {
      "0": 1.2088678091714549
    }, 
    "Up": {
      "0": 1.2090581013853228
    }
  }, 
  "JetReduced_HF_year": {
    "Down": {
      "0": 0.9864514462745488
    }, 
    "Up": {
      "0": 0.986450112156726
    }
  }, 
  "btag_hf": {
    "Down": {
      "0": 1.2037821480852868
    }, 
    "Up": {
      "0": 1.2140626927552738
    }
  }, 
  "JetReduced_HF": {
    "Down": {
      "0": 0.9864234440604324
    }, 
    "Up": {
      "0": 0.9864440137430193
    }
  }, 
  "btag_lf": {
    "Down": {
      "0": 1.2083226613637998
    }, 
    "Up": {
      "0": 1.2096176305182935
    }
  }, 
  "JetReduced_BBEC1_year": {
    "Down": {
      "0": 0.9869520625500634
    }, 
    "Up": {
      "0": 0.9858928178858175
    }
  }
}