{"TauES_DM1": {"Down": {"0": 1.1292869270101673}, "Up": {"0": 0.9564075730514991}}, "TauES_DM0": {"Down": {"0": 0.9553457547711292}, "Up": {"0": 0.9562185052736795}}, "None": {"Central": {"0": 0.9530424537862515}}, "btag_lfstats1": {"Down": {"0": 0.955855306940258}, "Up": {"0": 0.9558785888688184}}, "btag_lfstats2": {"Down": {"0": 0.9520549209384489}, "Up": {"0": 0.9558852846507961}}, "btag_hf": {"Down": {"0": 0.9541839496253697}, "Up": {"0": 0.956616420280366}}, "btag_cferr1": {"Down": {"0": 0.9558971481339692}, "Up": {"0": 0.9594979302999912}}, "0": {}, "btag_lf": {"Down": {"0": 0.9551152764296741}, "Up": {"0": 0.9583959172170387}}, "btag_hfstats1": {"Down": {"0": 0.9554877937198135}, "Up": {"0": 0.9575104107603204}}, "btag_cferr2": {"Down": {"0": 0.9558645435854838}, "Up": {"0": 0.9558480907152109}}, "TauES_DM10": {"Up": {"0": 1.1308448885789233}}, "btag_hfstats2": {"Down": {"0": 0.9558608785908657}, "Up": {"0": 0.9562385247844024}}, "TauES": {"Down": {"0": 0.9555505934517455}, "Up": {"0": 0.9558652008085498}}}