{"TauES_DM1": {"Down": {"0": 1.2615337696008224}, "Up": {"0": 1.0096616067151734}}, "TauES_DM0": {"Down": {"0": 0.9980050022310387}, "Up": {"0": 1.0071914016704364}}, "None": {"Central": {"0": 0.9986570202616059}}, "btag_lfstats1": {"Down": {"0": 1.003903287384774}, "Up": {"0": 1.0038762212767893}}, "btag_lfstats2": {"Down": {"0": 0.9978746433635016}, "Up": {"0": 1.0038770198584213}}, "btag_hf": {"Down": {"0": 1.0014403816377486}, "Up": {"0": 1.006797152185011}}, "btag_cferr1": {"Down": {"0": 1.0038990726420682}, "Up": {"0": 1.0100154453122572}}, "0": {}, "btag_lf": {"Down": {"0": 1.0010266862171253}, "Up": {"0": 1.0091438598513953}}, "btag_hfstats1": {"Down": {"0": 1.0032814266288628}, "Up": {"0": 1.0062483565356108}}, "btag_cferr2": {"Down": {"0": 1.0038919487915954}, "Up": {"0": 1.0038718885372515}}, "TauES_DM10": {"Up": {"0": 1.2682952766415128}}, "btag_hfstats2": {"Down": {"0": 1.0038977784745278}, "Up": {"0": 1.004526487096284}}, "TauES": {"Down": {"0": 1.0005615073221952}, "Up": {"0": 1.0038804202375415}}}