{"TauES_DM11": {"Down": 1.0086298179081656, "Up": 1.0086094070620883}, "TauES_DM10": {"Down": 1.0086413934219522, "Up": 1.0086466245094128}, "JetReduced_Absolute": {"Down": 1.0094318868871246, "Up": 1.0080188914736103}, "JetReduced_BBEC1": {"Down": 1.008800677143785, "Up": 1.0084853029738488}, "JetReduced_Total": {"Down": 1.1752266557874582, "Up": 1.169323737576127}, "EleFakingTauES_DM0": {"Down": 1.0086352855204914, "Up": 1.0086571051786324}, "EleFakingTauES_DM1": {"Down": 1.0086474015089641, "Up": 1.0086296742631748}, "MuFakingTauES": {"Down": 1.0086370597638106, "Up": 1.008635614263359}, "btag_cferr2": {"Down": 0, "Up": 0}, "TauES_DM1": {"Down": 1.0085896778335914, "Up": 1.008692465333931}, "TauES_DM0": {"Down": 1.008662601001861, "Up": 1.0086561700106318}, "btag_cferr1": {"Down": 0, "Up": 0}, "JetReduced_EC2": {"Down": 1.008639185622573, "Up": 1.0086307143472377}, "JetReduced_FlavorQCD": {"Down": 1.009979402171515, "Up": 1.0075086805266782}, "JetReduced_RelativeBal": {"Down": 1.008778474260954, "Up": 1.0084767318755758}, "TauES": {"Down": 1.0086121869173101, "Up": 1.008694730594929}, "None": {"Central": 1.008637075857719}, "btag_lfstats1": {"Down": 1.1895871159991525, "Up": 1.1884801748641682}, "JetReduced_EC2_year": {"Down": 1.008635915692303, "Up": 1.0086319856586214}, "btag_lfstats2": {"Down": 1.1897098547267866, "Up": 1.1888405953615204}, "JetReduced_Absolute_year": {"Down": 1.0089909818924017, "Up": 1.0083202460692553}, "JetReduced_RelativeSample_year": {"Down": 1.0093034607747335, "Up": 1.0080378517786708}, "btag_hfstats1": {"Down": 1.1891667951235925, "Up": 1.1896462403681334}, "btag_hfstats2": {"Down": 1.1893387818675725, "Up": 1.1895093559750878}, "JetReduced_HF_year": {"Down": 1.0086391194518372, "Up": 1.0086358675330163}, "btag_hf": {"Down": 1.1887479493426816, "Up": 1.1849429378000342}, "JetReduced_HF": {"Down": 1.0086366317536746, "Up": 1.0086370615202225}, "btag_lf": {"Down": 1.1797807465056935, "Up": 1.1717753686194874}, "JetReduced_BBEC1_year": {"Down": 1.0086980266089043, "Up": 1.0086527668848229}}