{"TauES_DM11": {"Down": 1.0076079913223899, "Up": 1.0075715235368832}, "TauES_DM10": {"Down": 1.0075756103466997, "Up": 1.0075085386182276}, "JetReduced_Absolute": {"Down": 1.0084965178753458, "Up": 1.0065903174761255}, "JetReduced_BBEC1": {"Down": 1.0078784709494928, "Up": 1.0072999831456941}, "JetReduced_Total": {"Down": 1.344836755813008, "Up": 1.3386387144590992}, "EleFakingTauES_DM0": {"Down": 1.007574050439438, "Up": 1.0075727435884336}, "EleFakingTauES_DM1": {"Down": 1.007580977165834, "Up": 1.007587580760539}, "MuFakingTauES": {"Down": 1.0075723810040524, "Up": 1.0075728767199403}, "btag_cferr2": {"Down": 0, "Up": 0}, "TauES_DM1": {"Down": 1.0076196662208468, "Up": 1.0075994922023142}, "TauES_DM0": {"Down": 1.0075813782665906, "Up": 1.0076046609320048}, "btag_cferr1": {"Down": 0, "Up": 0}, "JetReduced_EC2": {"Down": 1.0075708943086499, "Up": 1.0075825946321486}, "JetReduced_FlavorQCD": {"Down": 1.0092161824879737, "Up": 1.00587408466867}, "JetReduced_RelativeBal": {"Down": 1.0077983549827392, "Up": 1.0072607325896734}, "TauES": {"Down": 1.007663684755915, "Up": 1.0075636061762818}, "None": {"Central": 1.007573808903134}, "btag_lfstats1": {"Down": 1.3601531241639322, "Up": 1.3599723837353712}, "JetReduced_EC2_year": {"Down": 1.007571458232193, "Up": 1.007580170650857}, "btag_lfstats2": {"Down": 1.3604191284501514, "Up": 1.3600157132930715}, "JetReduced_Absolute_year": {"Down": 1.0080484245266292, "Up": 1.0070928509702586}, "JetReduced_RelativeSample_year": {"Down": 1.0084547722393769, "Up": 1.006780568508599}, "btag_hfstats1": {"Down": 1.3596389577275512, "Up": 1.3607575387741315}, "btag_hfstats2": {"Down": 1.359921565577669, "Up": 1.3603584940607107}, "JetReduced_HF_year": {"Down": 1.0075698634686343, "Up": 1.0075718910851559}, "btag_hf": {"Down": 1.3590128349511208, "Up": 1.3559319747248078}, "JetReduced_HF": {"Down": 1.00756722283152, "Up": 1.007573696538426}, "btag_lf": {"Down": 1.3551139105059706, "Up": 1.3347148447382065}, "JetReduced_BBEC1_year": {"Down": 1.0076835058007174, "Up": 1.0074439980181673}}