{
  "TauES_DM11": {
    "Down": {
      "0": 0.9783708821355572
    }, 
    "Up": {
      "0": 0.9784020144287147
    }
  }, 
  "TauES_DM10": {
    "Down": {
      "0": 0.9783815243592839
    }, 
    "Up": {
      "0": 0.9783641873223884
    }
  }, 
  "JetReduced_Absolute": {
    "Down": {
      "0": 0.981220083607113
    }, 
    "Up": {
      "0": 0.9752649193927723
    }
  }, 
  "JetReduced_BBEC1": {
    "Down": {
      "0": 0.9796342543306918
    }, 
    "Up": {
      "0": 0.9769198616288578
    }
  }, 
  "JetReduced_Total": {
    "Down": {
      "0": 1.1290187032387475
    }, 
    "Up": {
      "0": 1.1334733136829218
    }
  }, 
  "EleFakingTauES_DM0": {
    "Down": {
      "0": 0.9783788957391916
    }, 
    "Up": {
      "0": 0.9783829441693278
    }
  }, 
  "EleFakingTauES_DM1": {
    "Down": {
      "0": 0.9783512631851657
    }, 
    "Up": {
      "0": 0.9783944665370408
    }
  }, 
  "MuFakingTauES": {
    "Down": {
      "0": 0.9783876651631396
    }, 
    "Up": {
      "0": 0.9783880503321929
    }
  }, 
  "btag_cferr2": {
    "Down": {
      "0": 647.8111721553622
    }, 
    "Up": {
      "0": 681.3223221555007
    }
  }, 
  "TauES_DM1": {
    "Down": {
      "0": 0.9782682288323126
    }, 
    "Up": {
      "0": 0.9784582790384778
    }
  }, 
  "TauES_DM0": {
    "Down": {
      "0": 0.9783085245359464
    }, 
    "Up": {
      "0": 0.978481603097334
    }
  }, 
  "btag_cferr1": {
    "Down": {
      "0": 627.5556648190915
    }, 
    "Up": {
      "0": 688.8712328727763
    }
  }, 
  "JetReduced_EC2": {
    "Down": {
      "0": 0.9783705817157269
    }, 
    "Up": {
      "0": 0.9783968787585233
    }
  }, 
  "JetReduced_FlavorQCD": {
    "Down": {
      "0": 0.9820844158000989
    }, 
    "Up": {
      "0": 0.9744556280169678
    }
  }, 
  "JetReduced_RelativeBal": {
    "Down": {
      "0": 0.9804124331785331
    }, 
    "Up": {
      "0": 0.9761325410462404
    }
  }, 
  "TauES": {
    "Down": {
      "0": 0.9781600172286172
    }, 
    "Up": {
      "0": 0.97853937462289
    }
  }, 
  "None": {
    "Central": {
      "0": 0.9783880587073561
    }
  }, 
  "btag_lfstats1": {
    "Down": {
      "0": 1.1324695030304577
    }, 
    "Up": {
      "0": 1.1317145691810055
    }
  }, 
  "JetReduced_EC2_year": {
    "Down": {
      "0": 0.978371533441922
    }, 
    "Up": {
      "0": 0.9784191440256975
    }
  }, 
  "btag_lfstats2": {
    "Down": {
      "0": 1.1319174375434005
    }, 
    "Up": {
      "0": 1.1322267529238594
    }
  }, 
  "JetReduced_Absolute_year": {
    "Down": {
      "0": 0.9801066311879321
    }, 
    "Up": {
      "0": 0.9764989768290059
    }
  }, 
  "JetReduced_RelativeSample_year": {
    "Down": {
      "0": 0.9819403593668407
    }, 
    "Up": {
      "0": 0.9745412059304727
    }
  }, 
  "btag_hfstats1": {
    "Down": {
      "0": 1.1314966055454738
    }, 
    "Up": {
      "0": 1.1326430771934968
    }
  }, 
  "btag_hfstats2": {
    "Down": {
      "0": 1.1315225534245883
    }, 
    "Up": {
      "0": 1.1326162141438951
    }
  }, 
  "JetReduced_HF_year": {
    "Down": {
      "0": 0.9783806867907863
    }, 
    "Up": {
      "0": 0.9784002574927756
    }
  }, 
  "btag_hf": {
    "Down": {
      "0": 1.1277085392651187
    }, 
    "Up": {
      "0": 1.1363206810078956
    }
  }, 
  "JetReduced_HF": {
    "Down": {
      "0": 0.9783752749507447
    }, 
    "Up": {
      "0": 0.9784152140006209
    }
  }, 
  "btag_lf": {
    "Down": {
      "0": 1.1359218172171495
    }, 
    "Up": {
      "0": 1.128332944046743
    }
  }, 
  "JetReduced_BBEC1_year": {
    "Down": {
      "0": 0.9787172583039869
    }, 
    "Up": {
      "0": 0.9779995575613204
    }
  }
}