{
  "TauES_DM11": {
    "Down": {
      "0": 0.9952047695153267
    }, 
    "Up": {
      "0": 0.995205960521209
    }
  }, 
  "TauES_DM10": {
    "Down": {
      "0": 0.9952050665750891
    }, 
    "Up": {
      "0": 0.9952071596266404
    }
  }, 
  "JetReduced_Absolute": {
    "Down": {
      "0": 1.0008427456856714
    }, 
    "Up": {
      "0": 0.9897766569022858
    }
  }, 
  "JetReduced_BBEC1": {
    "Down": {
      "0": 0.9977285239274091
    }, 
    "Up": {
      "0": 0.9926122490419296
    }
  }, 
  "JetReduced_Total": {
    "Down": {
      "0": 1.2123962160856367
    }, 
    "Up": {
      "0": 1.210623330251413
    }
  }, 
  "EleFakingTauES_DM0": {
    "Down": {
      "0": 0.9952046249576564
    }, 
    "Up": {
      "0": 0.9952049394429889
    }
  }, 
  "EleFakingTauES_DM1": {
    "Down": {
      "0": 0.9952046202401562
    }, 
    "Up": {
      "0": 0.9952046970130021
    }
  }, 
  "MuFakingTauES": {
    "Down": {
      "0": 0.9952043589923968
    }, 
    "Up": {
      "0": 0.9952049437376284
    }
  }, 
  "btag_cferr2": {
    "Down": {
      "0": 151.04305170449837
    }, 
    "Up": {
      "0": 149.4636060526442
    }
  }, 
  "TauES_DM1": {
    "Down": {
      "0": 0.9951972775430202
    }, 
    "Up": {
      "0": 0.9952133565794593
    }
  }, 
  "TauES_DM0": {
    "Down": {
      "0": 0.9951997993525182
    }, 
    "Up": {
      "0": 0.9952073482158806
    }
  }, 
  "btag_cferr1": {
    "Down": {
      "0": 151.83385060679774
    }, 
    "Up": {
      "0": 149.37248204788213
    }
  }, 
  "JetReduced_EC2": {
    "Down": {
      "0": 0.9951884996890529
    }, 
    "Up": {
      "0": 0.9952159288181109
    }
  }, 
  "JetReduced_FlavorQCD": {
    "Down": {
      "0": 1.0016149907396035
    }, 
    "Up": {
      "0": 0.98906002841564
    }
  }, 
  "JetReduced_RelativeBal": {
    "Down": {
      "0": 0.998654341238814
    }, 
    "Up": {
      "0": 0.9918021370764977
    }
  }, 
  "TauES": {
    "Down": {
      "0": 0.9951924611742436
    }, 
    "Up": {
      "0": 0.9952193710397715
    }
  }, 
  "None": {
    "Central": {
      "0": 0.9952048153413154
    }
  }, 
  "btag_lfstats1": {
    "Down": {
      "0": 1.2121255440446739
    }, 
    "Up": {
      "0": 1.2121655754222838
    }
  }, 
  "JetReduced_EC2_year": {
    "Down": {
      "0": 0.99519329933493
    }, 
    "Up": {
      "0": 0.9952227438274441
    }
  }, 
  "btag_lfstats2": {
    "Down": {
      "0": 1.2113668224638832
    }, 
    "Up": {
      "0": 1.212882822060604
    }
  }, 
  "JetReduced_Absolute_year": {
    "Down": {
      "0": 0.9982069475965968
    }, 
    "Up": {
      "0": 0.9922886062868679
    }
  }, 
  "JetReduced_RelativeSample_year": {
    "Down": {
      "0": 1.0011858863714511
    }, 
    "Up": {
      "0": 0.9892186356793543
    }
  }, 
  "btag_hfstats1": {
    "Down": {
      "0": 1.2120971321657958
    }, 
    "Up": {
      "0": 1.2121797391661124
    }
  }, 
  "btag_hfstats2": {
    "Down": {
      "0": 1.212075569942956
    }, 
    "Up": {
      "0": 1.2121997096710189
    }
  }, 
  "JetReduced_HF_year": {
    "Down": {
      "0": 0.9951946190781743
    }, 
    "Up": {
      "0": 0.9952085706021503
    }
  }, 
  "btag_hf": {
    "Down": {
      "0": 1.207764367176583
    }, 
    "Up": {
      "0": 1.2163683904137814
    }
  }, 
  "JetReduced_HF": {
    "Down": {
      "0": 0.9951874191928666
    }, 
    "Up": {
      "0": 0.9952120868696862
    }
  }, 
  "btag_lf": {
    "Down": {
      "0": 1.2115202449574298
    }, 
    "Up": {
      "0": 1.2127421590849432
    }
  }, 
  "JetReduced_BBEC1_year": {
    "Down": {
      "0": 0.995871265397076
    }, 
    "Up": {
      "0": 0.9945902045851047
    }
  }
}