{"TauES_DM11": {"Down": {"1": 1.017233014180854, "0": 1.0101001964078453}, "Up": {"1": 1.0172326271116134, "0": 1.0101015152355837}}, "TauES_DM10": {"Down": {"1": 1.017233731256349, "0": 1.010100329358213}, "Up": {"1": 1.017233578497337, "0": 1.010100231580959}}, "JetReduced_Absolute": {"Down": {"1": 1.0181599147071234, "0": 1.0112023682258053}, "Up": {"1": 1.0162977676957459, "0": 1.0090909109739876}}, "JetReduced_BBEC1": {"Down": {"1": 1.0175324419370806, "0": 1.0104464745462074}, "Up": {"1": 1.0169489353139691, "0": 1.0097973158233386}}, "JetReduced_Total": {"Down": {"1": 1.3812949251201214, "0": 1.2647432776915688}, "Up": {"1": 1.3717753128793653, "0": 1.248669268661861}}, "EleFakingTauES_DM0": {"Down": {"1": 1.0172330482244896, "0": 1.0101005467940798}, "Up": {"1": 1.0172330394090576, "0": 1.0101002166004756}}, "EleFakingTauES_DM1": {"Down": {"1": 1.0172324646044466, "0": 1.010100282032464}, "Up": {"1": 1.0172333593318466, "0": 1.010100145231351}}, "MuFakingTauES": {"Down": {"1": 1.0172330663390203, "0": 1.010100477979177}, "Up": {"1": 1.0172329937123412, "0": 1.0101011290266522}}, "btag_cferr2": {"Down": {"1": 2502.6371770491323, "0": 106.95258763819464}, "Up": {"1": 2414.4544230886067, "0": 106.68640274989498}}, "TauES_DM1": {"Down": {"1": 1.0172321191141194, "0": 1.010100337107696}, "Up": {"1": 1.0172329700246059, "0": 1.0101008940255902}}, "TauES_DM0": {"Down": {"1": 1.017234132224838, "0": 1.0100992526907426}, "Up": {"1": 1.0172329151191544, "0": 1.0100989497300963}}, "btag_cferr1": {"Down": {"1": 2520.5580209491795, "0": 107.34526649916388}, "Up": {"1": 2411.3077197716457, "0": 106.47595181539165}}, "JetReduced_EC2": {"Down": {"1": 1.0172309744426486, "0": 1.0100975680045878}, "Up": {"1": 1.017236267049179, "0": 1.0101061146689587}}, "JetReduced_FlavorQCD": {"Down": {"1": 1.018885886336948, "0": 1.0119372719626942}, "Up": {"1": 1.0155869692977457, "0": 1.0083438705616519}}, "JetReduced_RelativeBal": {"Down": {"1": 1.0174902911861576, "0": 1.0103270234322552}, "Up": {"1": 1.0169905125907355, "0": 1.009881602052922}}, "TauES": {"Down": {"1": 1.017233901520876, "0": 1.010099421724729}, "Up": {"1": 1.0172329948248189, "0": 1.010100896540976}}, "None": {"Central": {"1": 1.0172330319848226, "0": 1.0101002311601395}}, "btag_lfstats1": {"Down": {"1": 1.3771141973518772, "0": 1.2561166022598946}, "Up": {"1": 1.3770278922969375, "0": 1.2567508950593478}}, "JetReduced_EC2_year": {"Down": {"1": 1.0172312208425223, "0": 1.0101022452325503}, "Up": {"1": 1.0172355255019507, "0": 1.0101075164322928}}, "btag_lfstats2": {"Down": {"1": 1.3773810404797735, "0": 1.256633931884575}, "Up": {"1": 1.3767802132438276, "0": 1.2562528414342273}}, "JetReduced_Absolute_year": {"Down": {"1": 1.0176775502734121, "0": 1.010601813837956}, "Up": {"1": 1.016790646342888, "0": 1.009628206531707}}, "JetReduced_RelativeSample_year": {"Down": {"1": 1.0180720041851994, "0": 1.011088889701521}, "Up": {"1": 1.0163981763637313, "0": 1.0091681498072471}}, "btag_hfstats1": {"Down": {"1": 1.3754095569188824, "0": 1.2566461550523238}, "Up": {"1": 1.3787601732869963, "0": 1.2562363582688723}}, "btag_hfstats2": {"Down": {"1": 1.3769060474325856, "0": 1.256339131827608}, "Up": {"1": 1.3772539267762336, "0": 1.2565450390693094}}, "JetReduced_HF_year": {"Down": {"1": 1.0172322775080682, "0": 1.0100975302083501}, "Up": {"1": 1.0172340184184399, "0": 1.0101015799163733}}, "btag_hf": {"Down": {"1": 1.3746866621011413, "0": 1.254752216281908}, "Up": {"1": 1.3793737476572832, "0": 1.2580119062220907}}, "JetReduced_HF": {"Down": {"1": 1.0172304754228574, "0": 1.010098251536078}, "Up": {"1": 1.017236142590162, "0": 1.0101080281086607}}, "btag_lf": {"Down": {"1": 1.382301107896955, "0": 1.2552929591675286}, "Up": {"1": 1.3718142307432641, "0": 1.2575156281972546}}, "JetReduced_BBEC1_year": {"Down": {"1": 1.0173037089882018, "0": 1.010077983597687}, "Up": {"1": 1.0171726844470539, "0": 1.010112468928403}}}