{"TauES_DM11": {"Down": 1.0129630752401164, "Up": 1.0129637165886818}, "TauES_DM10": {"Down": 1.0129633994808933, "Up": 1.0129633294453237}, "JetReduced_Absolute": {"Down": 1.0140280474145136, "Up": 1.0119482996186842}, "JetReduced_BBEC1": {"Down": 1.0133092169796063, "Up": 1.012648406301447}, "JetReduced_Total": {"Down": 1.3104960317638816, "Up": 1.2942222379864046}, "EleFakingTauES_DM0": {"Down": 1.0129632686250631, "Up": 1.0129631337706957}, "EleFakingTauES_DM1": {"Down": 1.0129628392041188, "Up": 1.0129632399795627}, "MuFakingTauES": {"Down": 1.012963296953263, "Up": 1.0129636106476527}, "btag_cferr2": {"Down": 0, "Up": 0}, "TauES_DM1": {"Down": 1.0129626931610367, "Up": 1.012963558401107}, "TauES_DM0": {"Down": 1.012962965997109, "Up": 1.01296229307639}, "btag_cferr1": {"Down": 0, "Up": 0}, "JetReduced_EC2": {"Down": 1.0129606291491458, "Up": 1.0129679713381492}, "JetReduced_FlavorQCD": {"Down": 1.0147734958994927, "Up": 1.0112021078782305}, "JetReduced_RelativeBal": {"Down": 1.013216774576666, "Up": 1.0127196140710526}, "TauES": {"Down": 1.0129628066807903, "Up": 1.01296357002879}, "None": {"Central": 1.0129631090439395}, "btag_lfstats1": {"Down": 1.3169722031947881, "Up": 1.3166452358013292}, "JetReduced_EC2_year": {"Down": 1.01296351528588, "Up": 1.0129684666240655}, "btag_lfstats2": {"Down": 1.3170835404154162, "Up": 1.3163331621327574}, "JetReduced_Absolute_year": {"Down": 1.0134561480959334, "Up": 1.0124873486362278}, "JetReduced_RelativeSample_year": {"Down": 1.0139198331498642, "Up": 1.012040784086941}, "btag_hfstats1": {"Down": 1.3166493441910685, "Up": 1.317146302140115}, "btag_hfstats2": {"Down": 1.3167601025847584, "Up": 1.3166673721264333}, "JetReduced_HF_year": {"Down": 1.0129611381698478, "Up": 1.0129643295966684}, "btag_hf": {"Down": 1.3163742204496667, "Up": 1.3099419872782843}, "JetReduced_HF": {"Down": 1.012960820932263, "Up": 1.0129690338293897}, "btag_lf": {"Down": 1.3081528636078976, "Up": 1.301213858438846}, "JetReduced_BBEC1_year": {"Down": 1.0129860133844646, "Up": 1.0129385071986363}}