{
  "TauES_DM11": {
    "Down": {
      "1": 1.0066438237759578, 
      "0": 1.0082694224441011
    }, 
    "Up": {
      "1": 1.006643900488475, 
      "0": 1.008268645909337
    }
  }, 
  "TauES_DM10": {
    "Down": {
      "1": 1.0066445386560439, 
      "0": 1.0082720985988183
    }, 
    "Up": {
      "1": 1.0066458409273715, 
      "0": 1.008269045355709
    }
  }, 
  "JetReduced_Absolute": {
    "Down": {
      "1": 1.0075169866139326, 
      "0": 1.0094511951368121
    }, 
    "Up": {
      "1": 1.0057584565607933, 
      "0": 1.0070573388615391
    }
  }, 
  "JetReduced_BBEC1": {
    "Down": {
      "1": 1.0069138038963554, 
      "0": 1.0087342029318922
    }, 
    "Up": {
      "1": 1.0063833931527448, 
      "0": 1.0079750489842922
    }
  }, 
  "JetReduced_Total": {
    "Down": {
      "1": 1.354444357716342, 
      "0": 1.2643386925719333
    }, 
    "Up": {
      "1": 1.349099860132868, 
      "0": 1.249941916283446
    }
  }, 
  "EleFakingTauES_DM0": {
    "Down": {
      "1": 1.0066439178930204, 
      "0": 1.0082696798059527
    }, 
    "Up": {
      "1": 1.0066439494469022, 
      "0": 1.0082698248149313
    }
  }, 
  "EleFakingTauES_DM1": {
    "Down": {
      "1": 1.0066431674785756, 
      "0": 1.0082680132405657
    }, 
    "Up": {
      "1": 1.00664391384414, 
      "0": 1.0082704049337257
    }
  }, 
  "MuFakingTauES": {
    "Down": {
      "1": 1.0066438526947303, 
      "0": 1.0082694788202569
    }, 
    "Up": {
      "1": 1.0066438521952508, 
      "0": 1.0082694779635715
    }
  }, 
  "btag_cferr2": {
    "Down": {
      "1": 2564.847025554922, 
      "0": 107.74724453754759
    }, 
    "Up": {
      "1": 2526.7397072192334, 
      "0": 107.46053884958359
    }
  }, 
  "TauES_DM1": {
    "Down": {
      "1": 1.0066451327332548, 
      "0": 1.0082598239010911
    }, 
    "Up": {
      "1": 1.0066446786320582, 
      "0": 1.0082691473298615
    }
  }, 
  "TauES_DM0": {
    "Down": {
      "1": 1.0066423332141266, 
      "0": 1.0082704196775332
    }, 
    "Up": {
      "1": 1.0066441120626086, 
      "0": 1.0082697107547647
    }
  }, 
  "btag_cferr1": {
    "Down": {
      "1": 2583.973242067514, 
      "0": 108.09278036558237
    }, 
    "Up": {
      "1": 2518.686216448578, 
      "0": 107.18516405736266
    }
  }, 
  "JetReduced_EC2": {
    "Down": {
      "1": 1.0066390603074993, 
      "0": 1.0082717457659058
    }, 
    "Up": {
      "1": 1.0066473557514775, 
      "0": 1.0082675317976875
    }
  }, 
  "JetReduced_FlavorQCD": {
    "Down": {
      "1": 1.0082429268602304, 
      "0": 1.0102728759523179
    }, 
    "Up": {
      "1": 1.005028971147659, 
      "0": 1.006409540001701
    }
  }, 
  "JetReduced_RelativeBal": {
    "Down": {
      "1": 1.0068954303420554, 
      "0": 1.0087107965321989
    }, 
    "Up": {
      "1": 1.0063993406602063, 
      "0": 1.008100133027207
    }
  }, 
  "TauES": {
    "Down": {
      "1": 1.0066442716674575, 
      "0": 1.0082633261840783
    }, 
    "Up": {
      "1": 1.0066469737833048, 
      "0": 1.0082681129126048
    }
  }, 
  "None": {
    "Central": {
      "1": 1.0066438521952508, 
      "0": 1.0082694790189182
    }
  }, 
  "btag_lfstats1": {
    "Down": {
      "1": 1.3527436300088664, 
      "0": 1.2574776205072788
    }, 
    "Up": {
      "1": 1.3534593631040681, 
      "0": 1.2568033483156995
    }
  }, 
  "JetReduced_EC2_year": {
    "Down": {
      "1": 1.0066402385037783, 
      "0": 1.0082709035644692
    }, 
    "Up": {
      "1": 1.0066479958882455, 
      "0": 1.0082770170574862
    }
  }, 
  "btag_lfstats2": {
    "Down": {
      "1": 1.3530645255197702, 
      "0": 1.2575660682154448
    }, 
    "Up": {
      "1": 1.3531879406175846, 
      "0": 1.2567215156215754
    }
  }, 
  "JetReduced_Absolute_year": {
    "Down": {
      "1": 1.0070895949934837, 
      "0": 1.0088184499800592
    }, 
    "Up": {
      "1": 1.0061957660130114, 
      "0": 1.0077830477001086
    }
  }, 
  "JetReduced_RelativeSample_year": {
    "Down": {
      "1": 1.0073908980977992, 
      "0": 1.0094572697379907
    }, 
    "Up": {
      "1": 1.0058765754335055, 
      "0": 1.007239134803159
    }
  }, 
  "btag_hfstats1": {
    "Down": {
      "1": 1.3519135305722676, 
      "0": 1.2573013484695303
    }, 
    "Up": {
      "1": 1.354165486330569, 
      "0": 1.2569773853594155
    }
  }, 
  "btag_hfstats2": {
    "Down": {
      "1": 1.352634678875858, 
      "0": 1.2570078780828684
    }, 
    "Up": {
      "1": 1.3534528707931197, 
      "0": 1.257272822807853
    }
  }, 
  "JetReduced_HF_year": {
    "Down": {
      "1": 1.0066424977681179, 
      "0": 1.008267100007785
    }, 
    "Up": {
      "1": 1.0066452248200175, 
      "0": 1.00827082904561
    }
  }, 
  "btag_hf": {
    "Down": {
      "1": 1.3529533104251552, 
      "0": 1.253861775126769
    }, 
    "Up": {
      "1": 1.3534721543441695, 
      "0": 1.260301329504375
    }
  }, 
  "JetReduced_HF": {
    "Down": {
      "1": 1.0066406306648168, 
      "0": 1.008267728480655
    }, 
    "Up": {
      "1": 1.00664780112236, 
      "0": 1.008271464509219
    }
  }, 
  "btag_lf": {
    "Down": {
      "1": 1.3580191489406184, 
      "0": 1.256096603857625
    }, 
    "Up": {
      "1": 1.3464963672875565, 
      "0": 1.258113116207943
    }
  }, 
  "JetReduced_BBEC1_year": {
    "Down": {
      "1": 1.0067358249434133, 
      "0": 1.0084212139003859
    }, 
    "Up": {
      "1": 1.0065572788615247, 
      "0": 1.0083270443649786
    }
  }
}