{"TauES_DM1": {"Down": {"0": 1.2552460014437283}, "Up": {"0": 0.9999218825144627}}, "TauES_DM0": {"Down": {"0": 0.9984271336427407}, "Up": {"0": 0.9996781281456885}}, "None": {"Central": {"0": 0.9946473698440055}}, "btag_lfstats1": {"Down": {"0": 0.9991935017131907}, "Up": {"0": 0.9992167060089633}}, "btag_lfstats2": {"Down": {"0": 0.9935374912623407}, "Up": {"0": 0.9992199236392808}}, "btag_hf": {"Down": {"0": 0.9964413812786268}, "Up": {"0": 1.0002376608361792}}, "btag_cferr1": {"Down": {"0": 0.9992181961907968}, "Up": {"0": 1.0046375580624256}}, "0": {}, "btag_lf": {"Down": {"0": 0.9981178069585678}, "Up": {"0": 1.0033517427191267}}, "btag_hfstats1": {"Down": {"0": 0.9986753920647091}, "Up": {"0": 1.0016939955328499}}, "btag_cferr2": {"Down": {"0": 0.9992114814678542}, "Up": {"0": 0.9991920485657257}}, "TauES_DM10": {"Up": {"0": 1.265299529643164}}, "btag_hfstats2": {"Down": {"0": 0.9991987694776897}, "Up": {"0": 0.9997023254062771}}, "TauES": {"Down": {"0": 0.9987050056719795}, "Up": {"0": 0.9992032369862457}}}