{
  "TauES_DM11": {
    "Down": {
      "0": 1.0101001964078453
    }, 
    "Up": {
      "0": 1.0101015152355837
    }
  }, 
  "TauES_DM10": {
    "Down": {
      "0": 1.010100329358213
    }, 
    "Up": {
      "0": 1.010100231580959
    }
  }, 
  "JetReduced_Absolute": {
    "Down": {
      "0": 1.0112023682258053
    }, 
    "Up": {
      "0": 1.0090909109739876
    }
  }, 
  "JetReduced_BBEC1": {
    "Down": {
      "0": 1.0104464745462074
    }, 
    "Up": {
      "0": 1.0097973158233386
    }
  }, 
  "JetReduced_Total": {
    "Down": {
      "0": 1.2647432776915688
    }, 
    "Up": {
      "0": 1.248669268661861
    }
  }, 
  "EleFakingTauES_DM0": {
    "Down": {
      "0": 1.0101005467940798
    }, 
    "Up": {
      "0": 1.0101002166004756
    }
  }, 
  "EleFakingTauES_DM1": {
    "Down": {
      "0": 1.010100282032464
    }, 
    "Up": {
      "0": 1.010100145231351
    }
  }, 
  "MuFakingTauES": {
    "Down": {
      "0": 1.010100477979177
    }, 
    "Up": {
      "0": 1.0101011290266522
    }
  }, 
  "btag_cferr2": {
    "Down": {
      "0": 106.95258763819464
    }, 
    "Up": {
      "0": 106.68640274989498
    }
  }, 
  "TauES_DM1": {
    "Down": {
      "0": 1.010100337107696
    }, 
    "Up": {
      "0": 1.0101008940255902
    }
  }, 
  "TauES_DM0": {
    "Down": {
      "0": 1.0100992526907426
    }, 
    "Up": {
      "0": 1.0100989497300963
    }
  }, 
  "btag_cferr1": {
    "Down": {
      "0": 107.34526649916388
    }, 
    "Up": {
      "0": 106.47595181539165
    }
  }, 
  "JetReduced_EC2": {
    "Down": {
      "0": 1.0100975680045878
    }, 
    "Up": {
      "0": 1.0101061146689587
    }
  }, 
  "JetReduced_FlavorQCD": {
    "Down": {
      "0": 1.0119372719626942
    }, 
    "Up": {
      "0": 1.0083438705616519
    }
  }, 
  "JetReduced_RelativeBal": {
    "Down": {
      "0": 1.0103270234322552
    }, 
    "Up": {
      "0": 1.009881602052922
    }
  }, 
  "TauES": {
    "Down": {
      "0": 1.010099421724729
    }, 
    "Up": {
      "0": 1.010100896540976
    }
  }, 
  "None": {
    "Central": {
      "0": 1.0101002311601395
    }
  }, 
  "btag_lfstats1": {
    "Down": {
      "0": 1.2561166022598946
    }, 
    "Up": {
      "0": 1.2567508950593478
    }
  }, 
  "JetReduced_EC2_year": {
    "Down": {
      "0": 1.0101022452325503
    }, 
    "Up": {
      "0": 1.0101075164322928
    }
  }, 
  "btag_lfstats2": {
    "Down": {
      "0": 1.256633931884575
    }, 
    "Up": {
      "0": 1.2562528414342273
    }
  }, 
  "JetReduced_Absolute_year": {
    "Down": {
      "0": 1.010601813837956
    }, 
    "Up": {
      "0": 1.009628206531707
    }
  }, 
  "JetReduced_RelativeSample_year": {
    "Down": {
      "0": 1.011088889701521
    }, 
    "Up": {
      "0": 1.0091681498072471
    }
  }, 
  "btag_hfstats1": {
    "Down": {
      "0": 1.2566461550523238
    }, 
    "Up": {
      "0": 1.2562363582688723
    }
  }, 
  "btag_hfstats2": {
    "Down": {
      "0": 1.256339131827608
    }, 
    "Up": {
      "0": 1.2565450390693094
    }
  }, 
  "JetReduced_HF_year": {
    "Down": {
      "0": 1.0100975302083501
    }, 
    "Up": {
      "0": 1.0101015799163733
    }
  }, 
  "btag_hf": {
    "Down": {
      "0": 1.254752216281908
    }, 
    "Up": {
      "0": 1.2580119062220907
    }
  }, 
  "JetReduced_HF": {
    "Down": {
      "0": 1.010098251536078
    }, 
    "Up": {
      "0": 1.0101080281086607
    }
  }, 
  "btag_lf": {
    "Down": {
      "0": 1.2552929591675286
    }, 
    "Up": {
      "0": 1.2575156281972546
    }
  }, 
  "JetReduced_BBEC1_year": {
    "Down": {
      "0": 1.010077983597687
    }, 
    "Up": {
      "0": 1.010112468928403
    }
  }
}