{"TauES_DM11": {"Down": 1.0066438237759578, "Up": 1.006643900488475}, "TauES_DM10": {"Down": 1.0066445386560439, "Up": 1.0066458409273715}, "JetReduced_Absolute": {"Down": 1.0075169866139326, "Up": 1.0057584565607933}, "JetReduced_BBEC1": {"Down": 1.0069138038963554, "Up": 1.0063833931527448}, "JetReduced_Total": {"Down": 1.354444357716342, "Up": 1.349099860132868}, "EleFakingTauES_DM0": {"Down": 1.0066439178930204, "Up": 1.0066439494469022}, "EleFakingTauES_DM1": {"Down": 1.0066431674785756, "Up": 1.00664391384414}, "MuFakingTauES": {"Down": 1.0066438526947303, "Up": 1.0066438521952508}, "btag_cferr2": {"Down": 0, "Up": 0}, "TauES_DM1": {"Down": 1.0066451327332548, "Up": 1.0066446786320582}, "TauES_DM0": {"Down": 1.0066423332141266, "Up": 1.0066441120626086}, "btag_cferr1": {"Down": 0, "Up": 0}, "JetReduced_EC2": {"Down": 1.0066390603074993, "Up": 1.0066473557514775}, "JetReduced_FlavorQCD": {"Down": 1.0082429268602304, "Up": 1.005028971147659}, "JetReduced_RelativeBal": {"Down": 1.0068954303420554, "Up": 1.0063993406602063}, "TauES": {"Down": 1.0066442716674575, "Up": 1.0066469737833048}, "None": {"Central": 1.0066438521952508}, "btag_lfstats1": {"Down": 1.3697636422828507, "Up": 1.3697917457219486}, "JetReduced_EC2_year": {"Down": 1.0066402385037783, "Up": 1.0066479958882455}, "btag_lfstats2": {"Down": 1.3700396256015874, "Up": 1.3697274861404112}, "JetReduced_Absolute_year": {"Down": 1.0070895949934837, "Up": 1.0061957660130114}, "JetReduced_RelativeSample_year": {"Down": 1.0073908980977992, "Up": 1.0058765754335055}, "btag_hfstats1": {"Down": 1.3692387304786109, "Up": 1.3699344343566113}, "btag_hfstats2": {"Down": 1.3695158371657898, "Up": 1.3697641119953454}, "JetReduced_HF_year": {"Down": 1.0066424977681179, "Up": 1.0066452248200175}, "btag_hf": {"Down": 1.3686219968686348, "Up": 1.3651881956659813}, "JetReduced_HF": {"Down": 1.0066406306648168, "Up": 1.00664780112236}, "btag_lf": {"Down": 1.3647791477624653, "Up": 1.3464963672875565}, "JetReduced_BBEC1_year": {"Down": 1.0067358249434133, "Up": 1.0065572788615247}}