{"TauES_DM1": {"Down": {"0": 1.2581432180124859}, "Up": {"0": 1.0053521178768903}}, "TauES_DM0": {"Down": {"0": 0.9945925153194286}, "Up": {"0": 1.0031004497247664}}, "None": {"Central": {"0": 0.9954814449036851}}, "btag_lfstats1": {"Down": {"0": 1.0003111042109674}, "Up": {"0": 1.0003548751949076}}, "btag_lfstats2": {"Down": {"0": 0.9948389448195601}, "Up": {"0": 1.0003373385154803}}, "btag_hf": {"Down": {"0": 0.998140214360715}, "Up": {"0": 1.0030319287831841}}, "btag_cferr1": {"Down": {"0": 1.000412596269333}, "Up": {"0": 1.005685966516553}}, "0": {}, "btag_lf": {"Down": {"0": 0.997693519367127}, "Up": {"0": 1.0046688167084665}}, "btag_hfstats1": {"Down": {"0": 0.999687111180397}, "Up": {"0": 1.002421411188546}}, "btag_cferr2": {"Down": {"0": 1.0003907376501553}, "Up": {"0": 1.0003647215981606}}, "TauES_DM10": {"Up": {"0": 1.262817523845772}}, "btag_hfstats2": {"Down": {"0": 1.0003637237871903}, "Up": {"0": 1.0009273510732444}}, "TauES": {"Down": {"0": 0.9970637748097421}, "Up": {"0": 1.0003743755576031}}}