{"TauES_DM1": {"Down": {"0": 1.1424348410951775}, "Up": {"0": 0.9841503237767606}}, "TauES_DM0": {"Down": {"0": 0.9766287154383158}, "Up": {"0": 0.9825943563226339}}, "None": {"Central": {"0": 0.9773534138221966}}, "btag_lfstats1": {"Down": {"0": 0.9805585906929862}, "Up": {"0": 0.9805134879738812}}, "btag_lfstats2": {"Down": {"0": 0.9765352033505098}, "Up": {"0": 0.9805116669049706}}, "btag_hf": {"Down": {"0": 0.9790491056566308}, "Up": {"0": 0.9822761243634245}}, "btag_cferr1": {"Down": {"0": 0.9805539857816752}, "Up": {"0": 0.9842847194751192}}, "0": {}, "btag_lf": {"Down": {"0": 0.9786112955119136}, "Up": {"0": 0.9834063072232728}}, "btag_hfstats1": {"Down": {"0": 0.9801324882642407}, "Up": {"0": 0.9817939790434559}}, "btag_cferr2": {"Down": {"0": 0.9805396447255496}, "Up": {"0": 0.9805141547052734}}, "TauES_DM10": {"Up": {"0": 1.138226619008129}}, "btag_hfstats2": {"Down": {"0": 0.9805392874189924}, "Up": {"0": 0.9808695952094065}}, "TauES": {"Down": {"0": 0.978242980723616}, "Up": {"0": 0.9805204265499603}}}